{"cameraMode":{"drawMode":0,"name":"Shaded","section":"Shading Mode"},"sceneLighting":true,"audioPlay":false,"sceneViewState":{"showFog":true,"showMaterialUpdate":false,"showSkybox":true,"showFlares":true,"showImageEffects":true,"showParticleSystems":true},"in2DMode":false,"pivot":{"x":-6.969853401184082,"y":1.1015357971191407,"z":-2.6764755249023439},"rotation":{"x":-0.007777700666338205,"y":0.9508629441261292,"z":-0.3085867166519165,"w":-0.02396586909890175},"size":26.508161544799806,"orthographic":false}