{"cameraMode":{"drawMode":0,"name":"Shaded","section":"Shading Mode"},"sceneLighting":false,"audioPlay":false,"sceneViewState":{"showFog":true,"showMaterialUpdate":false,"showSkybox":false,"showFlares":true,"showImageEffects":true,"showParticleSystems":true},"in2DMode":false,"pivot":{"x":-5.050000190734863,"y":0.8042784929275513,"z":5.559999942779541},"rotation":{"x":0.07382354140281677,"y":0.9186214208602905,"z":-0.32889339327812197,"w":0.20619414746761323},"size":1.162271499633789,"orthographic":false}