{"cameraMode":{"drawMode":0,"name":"Shaded","section":"Shading Mode"},"sceneLighting":true,"audioPlay":false,"sceneViewState":{"showFog":true,"showMaterialUpdate":false,"showSkybox":true,"showFlares":true,"showImageEffects":true,"showParticleSystems":true},"in2DMode":false,"pivot":{"x":-0.6763979196548462,"y":-0.6391770839691162,"z":-1.233947992324829},"rotation":{"x":0.05614094063639641,"y":-0.938663899898529,"z":0.2860587537288666,"w":0.18421722948551179},"size":1.5346410274505616,"orthographic":false}